{
  "train_step": 62,
  "total_frames": 64542,
  "total_trades": 76,
  "total_wins": 36,
  "total_reward": -125.08395600160458,
  "action_counts": {
    "1": 23448,
    "0": 40633,
    "2": 391
  },
  "symbol_performance": {
    "XAUUSDm": {
      "trades": 13,
      "wins": 8,
      "total_pnl": -192.79
    },
    "USDJPYm": {
      "trades": 13,
      "wins": 5,
      "total_pnl": -1013.2399999999999
    },
    "BTCUSDm": {
      "trades": 21,
      "wins": 12,
      "total_pnl": -535.9200000000001
    },
    "EURUSDm": {
      "trades": 12,
      "wins": 9,
      "total_pnl": -23.620000000000005
    },
    "GBPUSDm": {
      "trades": 3,
      "wins": 2,
      "total_pnl": -85.16
    }
  },
  "saved_at": "2026-04-18T06:57:20.220976"
}