{
  "name": "ensemble",
  "n_features": 127,
  "is_trained": true,
  "version": "2.2",
  "model_weights": {
    "xgb": 0.4799,
    "rf": 0.5201
  },
  "feature_medians": {
    "ob_supply": 0.0,
    "ob_demand": 0.0,
    "ob_supply_low": 0.0,
    "ob_supply_high": 0.0,
    "ob_demand_low": 1.15933,
    "ob_demand_high": 1.1596,
    "ob_supply_strength": 0.0,
    "ob_demand_strength": 0.0,
    "ob_supply_mitigated": 0.0,
    "ob_demand_mitigated": 0.0,
    "near_supply_ob": 1.0,
    "near_demand_ob": 0.05662884306356172,
    "fvg_bullish": 0.0,
    "fvg_bearish": 0.0,
    "fvg_size": 0.0,
    "fvg_bull_low": 1.34058,
    "fvg_bull_high": 1.34107,
    "fvg_bear_low": 1.35394,
    "fvg_bear_high": 1.35448,
    "fvg_bull_unfilled": 1.0,
    "fvg_bear_unfilled": 1.0,
    "fvg_bull_filled": 0.0,
    "fvg_bear_filled": 0.0,
    "near_bull_fvg": 0.007237133261548868,
    "near_bear_fvg": 0.011927698729290656,
    "bos_bullish": 0.0,
    "bos_bearish": 0.0,
    "choch_bullish": 0.0,
    "choch_bearish": 0.0,
    "structure": 0.0,
    "swing_high": 0.0,
    "swing_low": 0.0,
    "confirmed_swing_high": 0.0,
    "confirmed_swing_low": 0.0,
    "last_swing_high": 159.28,
    "last_swing_low": 158.565,
    "zz_direction": 0.0,
    "ls_high": 2.038279946273697,
    "ls_low": 2.328670355355502,
    "liq_sweep_high": 0.0,
    "liq_sweep_low": 0.0,
    "breaker_blocks": 0.0,
    "session_asian": 0.0,
    "session_london": 0.0,
    "session_newyork": 0.0,
    "session_overlap": 0.0,
    "hour_sin": 1.2246467991473532e-16,
    "hour_cos": -1.8369701987210297e-16,
    "dow_sin": 0.0,
    "dow_cos": 0.30901699437494723,
    "in_ote_buy_zone": 0.0,
    "in_ote_sell_zone": 0.0,
    "fib_level": 0.24332469726660322,
    "sma_20": 158.91755,
    "sma_50": 158.90163,
    "sma_200": 159.00347,
    "ema_12": 158.95828808763642,
    "ema_26": 158.9683355556552,
    "ema_9": 158.9651076398706,
    "price_vs_sma20": 9.707347632853502e-05,
    "price_vs_sma50": 1.6803792123067675e-05,
    "price_vs_sma200": 0.001075794444071037,
    "ema_cross": 1.0,
    "sma_cross_20_50": 1.0,
    "pullback_to_ema": 0.001833408752132182,
    "rsi": 50.49602598140268,
    "rsi_oversold": 0.0,
    "rsi_overbought": 0.0,
    "rsi_slope": 0.10340449911186766,
    "price_slope": 0.004195844466203802,
    "rsi_bull_div": 0.0,
    "rsi_bear_div": 0.0,
    "macd": 0.00016004955931347986,
    "macd_signal": 0.00016272143190174582,
    "macd_hist": 7.341885648720929e-06,
    "macd_hist_change": 0.0,
    "macd_above_zero": 1.0,
    "bb_upper": 159.3772501194996,
    "bb_middle": 158.91755,
    "bb_lower": 158.54515661791135,
    "bb_percent_b": 0.5165393336975157,
    "bb_width": 0.007753629323835442,
    "atr": 0.18128571428571405,
    "atr_pct": 0.0016074280405876274,
    "atr_change": -0.0013542929169383933,
    "adx": 31.917816124860174,
    "plus_di": 20.599863578368065,
    "minus_di": 21.04791539027249,
    "strong_trend": 1.0,
    "di_cross": -1.0,
    "obv": 28872.5,
    "vpt": 62.97797887127234,
    "vol_ratio": 0.8773282230230266,
    "vol_spike": 0.0,
    "stoch_k": 52.79035373972268,
    "stoch_d": 52.38551618435332,
    "stoch_cross": 0.0,
    "returns": 6.270949883036003e-06,
    "hl_range": 0.001719039961390993,
    "co_range": 0.0,
    "highest_20": 159.37,
    "lowest_20": 158.36,
    "price_norm": 0.5194885428490431,
    "momentum": 0.00017499999999992522,
    "roc": 7.535251663548515e-05,
    "hvol": 0.0011155589533624346,
    "body_size": 0.4358052624390314,
    "upper_wick": 0.23384368160381408,
    "lower_wick": 0.2499999642858451,
    "candle_type": 0.0,
    "is_doji": 0.0,
    "is_hammer": 0.0,
    "is_shooting_star": 0.0,
    "is_engulfing_bull": 0.0,
    "is_engulfing_bear": 0.0,
    "consecutive_bull": 0.0,
    "consecutive_bear": 0.0,
    "is_pin_bar_bull": 0.0,
    "is_pin_bar_bear": 0.0,
    "kc_mid": 158.96388188728974,
    "kc_upper": 159.3195953342866,
    "kc_lower": 158.53880028803212,
    "squeeze": 0.0,
    "return_lag_1": 6.270949883036003e-06,
    "return_lag_2": 2.605037391645304e-05,
    "return_lag_3": 7.525206693226316e-06,
    "return_lag_5": 4.195844466203802e-05
  },
  "validation_metrics": {
    "class_balance": {
      "positive_weight": 1.0451,
      "negative_weight": 0.9586,
      "xgb_scale_pos_weight": 1.0903
    },
    "xgb_log_loss": 0.7603,
    "xgb_brier": 0.276897,
    "rf_log_loss": 0.701563,
    "rf_brier": 0.253765,
    "ensemble_log_loss": 0.718599,
    "ensemble_brier": 0.261269,
    "validation_samples": 250
  },
  "feature_medians_count": 127
}