{
  "name": "ensemble",
  "n_features": 127,
  "is_trained": true,
  "version": "2.2",
  "model_weights": {
    "xgb": 0.484,
    "rf": 0.516
  },
  "feature_medians": {
    "ob_supply": 0.0,
    "ob_demand": 0.0,
    "ob_supply_low": 0.0,
    "ob_supply_high": 0.0,
    "ob_demand_low": 1.15933,
    "ob_demand_high": 1.1596,
    "ob_supply_strength": 0.0,
    "ob_demand_strength": 0.0,
    "ob_supply_mitigated": 0.0,
    "ob_demand_mitigated": 0.0,
    "near_supply_ob": 1.0,
    "near_demand_ob": 0.05307728746727281,
    "fvg_bullish": 0.0,
    "fvg_bearish": 0.0,
    "fvg_size": 0.0,
    "fvg_bull_low": 1.34319,
    "fvg_bull_high": 1.34409,
    "fvg_bear_low": 1.34008,
    "fvg_bear_high": 1.34047,
    "fvg_bull_unfilled": 1.0,
    "fvg_bear_unfilled": 1.0,
    "fvg_bull_filled": 0.0,
    "fvg_bear_filled": 0.0,
    "near_bull_fvg": 0.0070640782010127105,
    "near_bear_fvg": 0.01153090132234796,
    "bos_bullish": 0.0,
    "bos_bearish": 0.0,
    "choch_bullish": 0.0,
    "choch_bearish": 0.0,
    "structure": 0.0,
    "swing_high": 0.0,
    "swing_low": 0.0,
    "confirmed_swing_high": 0.0,
    "confirmed_swing_low": 0.0,
    "last_swing_high": 159.199,
    "last_swing_low": 158.628,
    "zz_direction": 0.0,
    "ls_high": 2.047168287927029,
    "ls_low": 2.333042074811828,
    "liq_sweep_high": 0.0,
    "liq_sweep_low": 0.0,
    "breaker_blocks": 0.0,
    "session_asian": 0.0,
    "session_london": 0.0,
    "session_newyork": 0.0,
    "session_overlap": 0.0,
    "hour_sin": 1.2246467991473532e-16,
    "hour_cos": -1.8369701987210297e-16,
    "dow_sin": 0.0,
    "dow_cos": 0.30901699437494723,
    "in_ote_buy_zone": 0.0,
    "in_ote_sell_zone": 0.0,
    "fib_level": 0.23464335941022726,
    "sma_20": 158.91755,
    "sma_50": 158.90163,
    "sma_200": 159.00347,
    "ema_12": 158.95828808763642,
    "ema_26": 158.96833555565516,
    "ema_9": 158.9651076398706,
    "price_vs_sma20": 9.596372506519269e-05,
    "price_vs_sma50": 6.516751985567745e-06,
    "price_vs_sma200": 0.0011848801409326524,
    "ema_cross": 1.0,
    "sma_cross_20_50": 1.0,
    "pullback_to_ema": 0.0018620783666859057,
    "rsi": 50.49602598140268,
    "rsi_oversold": 0.0,
    "rsi_overbought": 0.0,
    "rsi_slope": 0.0,
    "price_slope": 0.002510451774717648,
    "rsi_bull_div": 0.0,
    "rsi_bear_div": 0.0,
    "macd": 0.000209628812258833,
    "macd_signal": 0.0002274810250726633,
    "macd_hist": -3.6469736431376837e-07,
    "macd_hist_change": 0.0,
    "macd_above_zero": 1.0,
    "bb_upper": 159.37725011950084,
    "bb_middle": 158.91755,
    "bb_lower": 158.5451566179091,
    "bb_percent_b": 0.5162007410326832,
    "bb_width": 0.007703624547497481,
    "atr": 0.1797142857142871,
    "atr_pct": 0.001590951625394276,
    "atr_change": -0.0024159979208382976,
    "adx": 32.07879087159112,
    "plus_di": 20.528935833065812,
    "minus_di": 21.042863682990607,
    "strong_trend": 1.0,
    "di_cross": -1.0,
    "obv": 21924.0,
    "vpt": 75.26839908154966,
    "vol_ratio": 0.8763889105024925,
    "vol_spike": 0.0,
    "stoch_k": 52.67237783317627,
    "stoch_d": 52.34686655407546,
    "stoch_cross": 0.0,
    "returns": 0.0,
    "hl_range": 0.0017167365074425628,
    "co_range": -6.286287745273086e-06,
    "highest_20": 159.37,
    "lowest_20": 158.36,
    "price_norm": 0.5196954682930913,
    "momentum": 0.00011499999999997623,
    "roc": 5.850763815962168e-05,
    "hvol": 0.0010972236247998998,
    "body_size": 0.43686460915804903,
    "upper_wick": 0.23364485617335556,
    "lower_wick": 0.2506452336109295,
    "candle_type": -1.0,
    "is_doji": 0.0,
    "is_hammer": 0.0,
    "is_shooting_star": 0.0,
    "is_engulfing_bull": 0.0,
    "is_engulfing_bear": 0.0,
    "consecutive_bull": 0.0,
    "consecutive_bear": 1.0,
    "is_pin_bar_bull": 0.0,
    "is_pin_bar_bear": 0.0,
    "kc_mid": 158.96388188728974,
    "kc_upper": 159.31959533428682,
    "kc_lower": 158.5388198834513,
    "squeeze": 0.0,
    "return_lag_1": 0.0,
    "return_lag_2": 2.5224293515480056e-05,
    "return_lag_3": 0.0,
    "return_lag_5": 2.510451774717648e-05
  },
  "validation_metrics": {
    "class_balance": {
      "positive_weight": 1.0521,
      "negative_weight": 0.9528,
      "xgb_scale_pos_weight": 1.1042
    },
    "xgb_log_loss": 0.743577,
    "xgb_brier": 0.27217,
    "rf_log_loss": 0.697366,
    "rf_brier": 0.252333,
    "ensemble_log_loss": 0.712426,
    "ensemble_brier": 0.259379,
    "validation_samples": 250
  },
  "feature_medians_count": 127
}