{
  "name": "ensemble",
  "n_features": 127,
  "is_trained": true,
  "version": "2.2",
  "model_weights": {
    "xgb": 0.4785,
    "rf": 0.5215
  },
  "feature_medians": {
    "ob_supply": 0.0,
    "ob_demand": 0.0,
    "ob_supply_low": 0.0,
    "ob_supply_high": 0.0,
    "ob_demand_low": 1.16552,
    "ob_demand_high": 1.1663999999999999,
    "ob_supply_strength": 0.0,
    "ob_demand_strength": 0.0,
    "ob_supply_mitigated": 0.0,
    "ob_demand_mitigated": 0.0,
    "near_supply_ob": 1.0,
    "near_demand_ob": 0.044092502772366676,
    "fvg_bullish": 0.0,
    "fvg_bearish": 0.0,
    "fvg_size": 0.0,
    "fvg_bull_low": 1.34386,
    "fvg_bull_high": 1.34443,
    "fvg_bear_low": 1.34008,
    "fvg_bear_high": 1.34047,
    "fvg_bull_unfilled": 1.0,
    "fvg_bear_unfilled": 1.0,
    "fvg_bull_filled": 0.0,
    "fvg_bear_filled": 0.0,
    "near_bull_fvg": 0.006915915392649279,
    "near_bear_fvg": 0.010904654678230114,
    "bos_bullish": 0.0,
    "bos_bearish": 0.0,
    "choch_bullish": 0.0,
    "choch_bearish": 0.0,
    "structure": 0.0,
    "swing_high": 0.0,
    "swing_low": 0.0,
    "confirmed_swing_high": 0.0,
    "confirmed_swing_low": 0.0,
    "last_swing_high": 159.199,
    "last_swing_low": 158.598,
    "zz_direction": 0.0,
    "ls_high": 2.0632024500072674,
    "ls_low": 2.3109168947962386,
    "liq_sweep_high": 0.0,
    "liq_sweep_low": 0.0,
    "breaker_blocks": 0.0,
    "session_asian": 0.0,
    "session_london": 0.0,
    "session_newyork": 0.0,
    "session_overlap": 0.0,
    "hour_sin": 1.2246467991473532e-16,
    "hour_cos": -1.8369701987210297e-16,
    "dow_sin": 0.0,
    "dow_cos": 0.30901699437494723,
    "in_ote_buy_zone": 0.0,
    "in_ote_sell_zone": 0.0,
    "fib_level": 0.2287054722996572,
    "sma_20": 158.91755,
    "sma_50": 158.90163,
    "sma_200": 159.00347,
    "ema_12": 158.95828808763642,
    "ema_26": 158.9685722976385,
    "ema_9": 158.9651076398706,
    "price_vs_sma20": 3.510612340734222e-05,
    "price_vs_sma50": 0.0,
    "price_vs_sma200": 0.0009690686632446764,
    "ema_cross": 1.0,
    "sma_cross_20_50": 0.0,
    "pullback_to_ema": 0.0018534055046741417,
    "rsi": 50.304408843032334,
    "rsi_oversold": 0.0,
    "rsi_overbought": 0.0,
    "rsi_slope": 0.04924173231567863,
    "price_slope": 0.00031293419620048724,
    "rsi_bull_div": 0.0,
    "rsi_bear_div": 0.0,
    "macd": 9.8630397224575e-05,
    "macd_signal": 0.00012758656934827074,
    "macd_hist": 6.948481138230279e-06,
    "macd_hist_change": 0.0,
    "macd_above_zero": 1.0,
    "bb_upper": 159.37725011950016,
    "bb_middle": 158.91755,
    "bb_lower": 158.5484091099593,
    "bb_percent_b": 0.5077710685147582,
    "bb_width": 0.007412157473581155,
    "atr": 0.1766071428571416,
    "atr_pct": 0.0015586475713332676,
    "atr_change": -0.001975682045099847,
    "adx": 32.08709730871215,
    "plus_di": 20.424077767907647,
    "minus_di": 21.191920467125435,
    "strong_trend": 1.0,
    "di_cross": -1.0,
    "obv": 791.5,
    "vpt": 75.45211247987513,
    "vol_ratio": 0.8767151495752177,
    "vol_spike": 0.0,
    "stoch_k": 52.20316219465539,
    "stoch_d": 52.12991093282939,
    "stoch_cross": 0.0,
    "returns": -7.972496230912451e-06,
    "hl_range": 0.0016921537871273035,
    "co_range": -8.202586779981917e-06,
    "highest_20": 159.37,
    "lowest_20": 158.402,
    "price_norm": 0.5134374768004906,
    "momentum": 3.999999999981796e-05,
    "roc": 2.0050664575110844e-05,
    "hvol": 0.0010698953488304823,
    "body_size": 0.4356868704758471,
    "upper_wick": 0.23356367215012697,
    "lower_wick": 0.25230329569180415,
    "candle_type": -1.0,
    "is_doji": 0.0,
    "is_hammer": 0.0,
    "is_shooting_star": 0.0,
    "is_engulfing_bull": 0.0,
    "is_engulfing_bear": 0.0,
    "consecutive_bull": 0.0,
    "consecutive_bear": 1.0,
    "is_pin_bar_bull": 0.0,
    "is_pin_bar_bear": 0.0,
    "kc_mid": 158.96388188728974,
    "kc_upper": 159.31959533428753,
    "kc_lower": 158.54094380640169,
    "squeeze": 0.0,
    "return_lag_1": -7.972496230912451e-06,
    "return_lag_2": 1.7338084073781346e-05,
    "return_lag_3": 0.0,
    "return_lag_5": 3.1293419620048724e-06
  },
  "validation_metrics": {
    "class_balance": {
      "positive_weight": 1.0566,
      "negative_weight": 0.9492,
      "xgb_scale_pos_weight": 1.1131
    },
    "xgb_log_loss": 0.763731,
    "xgb_brier": 0.281748,
    "rf_log_loss": 0.700811,
    "rf_brier": 0.253709,
    "ensemble_log_loss": 0.722704,
    "ensemble_brier": 0.264133,
    "validation_samples": 250
  },
  "feature_medians_count": 127
}