{
  "epsilon": 1.0,
  "train_step": 0,
  "total_trades": 0,
  "total_wins": 0,
  "total_reward": 0.0,
  "hold_rewards": 37.99999999999998,
  "action_counts": {
    "2": 264,
    "1": 265,
    "0": 231
  },
  "saved_at": "2026-04-08T21:57:43.736129"
}